pct16,YES,NO
111-Ventura-NO101,753,545
111-Ventura-NO102,61,18
111-Ventura-NO103,460,265
111-Ventura-NO104,0,0
111-Ventura-NO105,676,376
111-Ventura-NO106,776,702
111-Ventura-NO107,50,51
111-Ventura-NO108,483,261
111-Ventura-NO108,501,264
111-Ventura-NO110,434,181
111-Ventura-NO111,557,326
111-Ventura-NO113,756,419
111-Ventura-NO114,0,0
111-Ventura-NO115,758,375
111-Ventura-NO116,768,578
111-Ventura-NO117,484,345
111-Ventura-NO118,661,503
111-Ventura-NO119,394,317
111-Ventura-NO120,650,513
111-Ventura-NO121-148-160,106,35
111-Ventura-NO123,485,488
111-Ventura-NO123,506,532
111-Ventura-NO125,466,466
111-Ventura-NO125,538,497
111-Ventura-NO127,651,642
111-Ventura-NO128,415,276
111-Ventura-NO129,467,629
111-Ventura-NO130,509,347
111-Ventura-NO131,700,409
111-Ventura-NO131,692,379
111-Ventura-NO133,579,269
111-Ventura-NO134,412,342
111-Ventura-NO137,476,398
111-Ventura-NO138,709,502
111-Ventura-NO139,595,514
111-Ventura-NO140,600,400
111-Ventura-NO140,609,416
111-Ventura-NO142,621,355
111-Ventura-NO143,619,634
111-Ventura-NO144,371,299
111-Ventura-NO144,356,311
111-Ventura-NO145,670,526
111-Ventura-NO146,262,173
111-Ventura-NO150,0,0
111-Ventura-NO151,576,286
111-Ventura-NO151,510,278
111-Ventura-NO153,805,413
111-Ventura-NO155,595,446
111-Ventura-NO156,728,262
111-Ventura-NO157,426,129
111-Ventura-NO158,247,182
111-Ventura-NO162,0,0
111-Ventura-NO163-170,5,6
111-Ventura-NO165,493,321
111-Ventura-NO165,564,387
111-Ventura-NO166,84,35
111-Ventura-NO168,433,422
111-Ventura-NO168,411,379
111-Ventura-NO169,0,0
111-Ventura-NO171,89,81
111-Ventura-NO172,319,162
111-Ventura-NO173,57,48
111-Ventura-NO174,560,360
111-Ventura-NO175,161,110
111-Ventura-NO176,195,140
111-Ventura-NO177,93,33
111-Ventura-NO179,0,0
111-Ventura-NO181,0,1
