pct16,DEM - JACQUI IRWIN,REP - KERRY J. NELSON
111-Calleguas-NO201-212-214,17,0
111-Calleguas-NO202-203,0,0
111-Calleguas-NO204,548,228
111-Calleguas-NO205,21,5
111-Calleguas-NO206-208,2,10
111-Calleguas-NO207,0,2
111-Calleguas-NO209-218,0,0
111-Calleguas-NO210,7,2
111-Calleguas-NO211,2,0
111-Calleguas-NO216,1,1
111-Calleguas-NO301-305,11,7
111-Calleguas-NO302-307-309,4,0
111-Calleguas-NO303-306-315,9,7
111-Calleguas-NO304,4,2
111-Calleguas-NO312-313-314,0,3
111-Calleguas-NO401,0,0
111-Camarillo-NO301,344,256
111-Camarillo-NO302,187,254
111-Camarillo-NO303,354,392
111-Camarillo-NO303,385,397
111-Camarillo-NO305,450,403
111-Camarillo-NO306,473,564
111-Camarillo-NO306,506,526
111-Camarillo-NO308,634,335
111-Camarillo-NO309,583,456
111-Camarillo-NO310,463,527
111-Camarillo-NO310,522,523
111-Camarillo-NO312AL-325,664,713
111-Camarillo-NO313-320-354,69,124
111-Camarillo-NO314,552,569
111-Camarillo-NO315-344,9,17
111-Camarillo-NO316,419,336
111-Camarillo-NO317,630,623
111-Camarillo-NO318,451,403
111-Camarillo-NO318,465,410
111-Camarillo-NO321,875,479
111-Camarillo-NO322,57,64
111-Camarillo-NO323,631,669
111-Camarillo-NO324-330,10,14
111-Camarillo-NO326,376,370
111-Camarillo-NO326,389,353
111-Camarillo-NO327,579,666
111-Camarillo-NO327,494,676
111-Camarillo-NO329,655,478
111-Camarillo-NO329,651,492
111-Camarillo-NO331,594,447
111-Camarillo-NO333,360,424
111-Camarillo-NO333,457,485
111-Camarillo-NO336,0,0
111-Camarillo-NO337,627,597
111-Camarillo-NO337,624,600
111-Camarillo-NO338,27,24
111-Camarillo-NO339-341,51,46
111-Camarillo-NO340-345-346-350,3,5
111-Camarillo-NO343,76,94
111-Camarillo-NO347,434,392
111-Camarillo-NO347,524,427
111-Camarillo-NO348,2,0
111-Camarillo-NO351,0,0
111-Camarillo-NO352,0,0
111-Camarillo-NO353,0,0
111-Camarillo-NO355,0,0
111-Camarillo-NO356,2,1
111-Central-NO301-303,0,0
111-Central-NO304,0,0
111-Del-Norte-NO501-509,6,14
111-El-Rio-NO501,980,241
111-El-Rio-NO502,298,102
111-El-Rio-NO503-505,13,10
111-El-Rio-NO506,0,0
111-Gabbert-NO201,0,0
111-Gabbert-NO202,7,8
111-Gabbert-NO203,5,8
111-Gabbert-NO402-411,7,7
111-Gabbert-NO403,153,178
111-Gabbert-NO405,0,0
111-Heights-NO302,418,400
111-Heights-NO304,67,87
111-Heights-NO305,27,27
111-Heights-NO306,70,122
111-Las-Posas-NO301,160,278
111-Las-Posas-NO302,295,434
111-Las-Posas-NO303,218,345
111-Las-Posas-NO307,0,0
111-Moorpark-NO401,427,536
111-Moorpark-NO401,455,539
111-Moorpark-NO402,626,451
111-Moorpark-NO403,3,0
111-Moorpark-NO404,874,320
111-Moorpark-NO406,458,465
111-Moorpark-NO406,511,509
111-Moorpark-NO407,681,359
111-Moorpark-NO408,353,395
111-Moorpark-NO408,364,451
111-Moorpark-NO409,706,767
111-Moorpark-NO413,607,728
111-Moorpark-NO413,658,686
111-Moorpark-NO414,514,666
111-Moorpark-NO414,540,652
111-Moorpark-NO415,355,387
111-Moorpark-NO416,0,0
111-Mugu-NO201,44,91
111-Nylnd-Acrs-NO501,283,68
111-Nylnd-Acrs-NO502,1,0
111-Nylnd-Acrs-NO504,0,0
111-Oak-Park-NO201,461,357
111-Oak-Park-NO203,442,347
111-Oak-Park-NO203,461,391
111-Oak-Park-NO205-207-209,0,0
111-Oak-Park-NO206,819,585
111-Oak-Park-NO206,795,563
111-Oak-Park-NO210,438,297
111-Oak-Park-NO210,511,396
111-Oaks-NO202,21,50
111-Ocean-View-NO201-203-213,19,12
111-Ocean-View-NO301-302,4,1
111-Ocean-View-NO303-307,27,11
111-Ocean-View-NO501-504-506,15,13
111-Ocean-View-NO502,4,2
111-Ocean-View-NO503,0,3
111-Ocean-View-NO505,1,0
111-Oxnard-NO301,1,0
111-Oxnard-NO302,0,0
111-Oxnard-NO303,1051,278
111-Oxnard-NO304,438,226
111-Oxnard-NO306,471,152
111-Oxnard-NO306,542,183
111-Oxnard-NO307,709,196
111-Oxnard-NO308-309,57,9
111-Oxnard-NO310,0,0
111-Oxnard-NO311,0,0
111-Oxnard-NO313,521,94
111-Oxnard-NO314-317,0,0
111-Oxnard-NO501,625,147
111-Oxnard-NO502-508-558,54,19
111-Oxnard-NO504,635,251
111-Oxnard-NO505,895,219
111-Oxnard-NO507,853,158
111-Oxnard-NO510,9,3
111-Oxnard-NO511,631,110
111-Oxnard-NO512,585,172
111-Oxnard-NO512,537,156
111-Oxnard-NO514,599,107
111-Oxnard-NO515,735,221
111-Oxnard-NO516,0,0
111-Oxnard-NO518,146,21
111-Oxnard-NO519,627,111
111-Oxnard-NO521,520,108
111-Oxnard-NO522,532,74
111-Oxnard-NO522,662,90
111-Oxnard-NO523,72,7
111-Oxnard-NO524,827,302
111-Oxnard-NO525,829,246
111-Oxnard-NO526,452,203
111-Oxnard-NO526,532,216
111-Oxnard-NO527,365,121
111-Oxnard-NO529,657,131
111-Oxnard-NO529,760,158
111-Oxnard-NO530,526,66
111-Oxnard-NO530,641,87
111-Oxnard-NO533,73,15
111-Oxnard-NO534,445,163
111-Oxnard-NO535,847,412
111-Oxnard-NO536,468,166
111-Oxnard-NO537,111,37
111-Oxnard-NO538,675,194
111-Oxnard-NO541,793,267
111-Oxnard-NO542,521,178
111-Oxnard-NO545,337,81
111-Oxnard-NO547,928,108
111-Oxnard-NO548,530,182
111-Oxnard-NO548,600,203
111-Oxnard-NO550,580,135
111-Oxnard-NO551,675,149
111-Oxnard-NO552,754,185
111-Oxnard-NO554,2,0
111-Oxnard-NO556,25,3
111-Oxnard-NO557,734,258
111-Oxnard-NO557,821,250
111-Oxnard-NO560,352,81
111-Oxnard-NO564,583,154
111-Oxnard-NO564,566,181
111-Oxnard-NO566-568-573-581,25,11
111-Oxnard-NO575-580,41,13
111-Oxnard-NO577-578-582,0,0
111-Oxnard-NO583,149,24
111-Pedro-NO502-504-514,9,5
111-Pt-Hue-NO301,38,62
111-Pt-Hue-NO-302,748,303
111-Pt-Hue-NO-302,805,326
111-Pt-Hue-NO303,3,2
111-Pt-Hue-NO305,768,301
111-Pt-Hue-NO307,578,287
111-Pt-Hue-NO307,532,278
111-Pt-Hue-NO308,470,246
111-Pt-Hue-NO309,578,426
111-Pt-Hue-NO501,2,1
111-Rice-NO301,2,3
111-Rice-NO502,0,1
111-Rio-Mesa-NO501-502-503,9,8
111-Rio-Mesa-NO504,102,77
111-Rio-Mesa-NO505-506,0,1
111-Sta-Rosa-NO201,372,541
111-Sta-Rosa-NO201,389,642
111-Sta-Rosa-NO203,2,6
111-Sta-Rosa-NO204,0,2
111-Sta-Rosa-NO401-402,12,48
111-Sherwood-NO201,334,643
111-Sherwood-NO203-204-215-216,35,31
111-Sherwood-NO205-206-208-213,3,14
111-Sherwood-NO207,20,10
111-Sherwood-NO209,0,1
111-Sherwood-NO210-214,6,28
111-Sherwood-NO211,1,1
111-Sherwood-NO212,0,0
111-Slvr-Strd-NO501,607,517
111-Sinaloa-NO402,0,0
111-Sinaloa-NO403,3,6
111-Somis-NO202-211,19,19
111-Somis-NO206-215,12,38
111-Somis-NO212-213-216,3,8
111-Thou-Oaks-NO201,897,464
111-Thou-Oaks-NO202,592,424
111-Thou-Oaks-NO203,708,395
111-Thou-Oaks-NO204,207,241
111-Thou-Oaks-NO205,601,611
111-Thou-Oaks-NO206,388,297
111-Thou-Oaks-NO207,383,368
111-Thou-Oaks-NO208,442,362
111-Thou-Oaks-NO208,416,360
111-Thou-Oaks-NO209,449,444
111-Thou-Oaks-NO210,383,400
111-Thou-Oaks-NO211,392,270
111-Thou-Oaks-NO211,359,334
111-Thou-Oaks-NO213,381,366
111-Thou-Oaks-NO213,386,384
111-Thou-Oaks-NO214,659,538
111-Thou-Oaks-NO215,797,778
111-Thou-Oaks-NO216,253,168
111-Thou-Oaks-NO217,316,267
111-Thou-Oaks-NO218,437,315
111-Thou-Oaks-NO219,488,371
111-Thou-Oaks-NO219,469,379
111-Thou-Oaks-NO221,377,342
111-Thou-Oaks-NO222,491,447
111-Thou-Oaks-233,652,440
111-Thou-Oaks-NO225,793,586
111-Thou-Oaks-NO226,628,592
111-Thou-Oaks-NO227,684,479
111-Thou-Oaks-NO228,411,387
111-Thou-Oaks-NO228,482,372
111-Thou-Oaks-NO230,430,366
111-Thou-Oaks-NO232,362,326
111-Thou-Oaks-NO232,443,376
111-Thou-Oaks-NO234,608,507
111-Thou-Oaks-NO235,597,311
111-Thou-Oaks-NO236,453,374
111-Thou-Oaks-NO236,488,435
111-Thou-Oaks-NO237,692,490
111-Thou-Oaks-NO237,773,531
111-Thou-Oaks-NO240,607,470
111-Thou-Oaks-NO242,464,319
111-Thou-Oaks-NO244,496,218
111-Thou-Oaks-NO244,430,293
111-Thou-Oaks-NO245,386,361
111-Thou-Oaks-NO245,391,413
111-Thou-Oaks-NO246,440,442
111-Thou-Oaks-NO246,528,413
111-Thou-Oaks-NO248,731,604
111-Thou-Oaks-NO249A-264,613,435
111-Thou-Oaks-NO249F-264,516,382
111-Thou-Oaks-NO249L-264,654,495
111-Thou-Oaks-NO249S-264,544,456
111-Thou-Oaks-NO250,42,42
111-Thou-Oaks-NO252,388,341
111-Thou-Oaks-NO253,555,384
111-Thou-Oaks-NO254,678,517
111-Thou-Oaks-NO255,333,415
111-Thou-Oaks-NO255,346,420
111-Thou-Oaks-NO257,182,178
111-Thou-Oaks-NO258,194,217
111-Thou-Oaks-NO260,407,396
111-Thou-Oaks-NO260,421,444
111-Thou-Oaks-NO262,491,468
111-Thou-Oaks-NO262,548,521
111-Thou-Oaks-NO263,593,510
111-Thou-Oaks-NO265,401,398
111-Thou-Oaks-NO265,459,472
111-Thou-Oaks-NO266,385,239
111-Thou-Oaks-NO267-269-276-277,9,9
111-Thou-Oaks-NO270,337,262
111-Thou-Oaks-NO271-272,72,50
111-Thou-Oaks-NO273-275,0,0
111-Thou-Oaks-NO279,451,374
111-Thou-Oaks-NO279,424,413
111-Timber-NO201,340,253
111-Timber-NO203-204-206,10,13
111-Timber-NO205-207-217,1,0
111-Timber-NO208,600,621
111-Timber-NO209,545,502
111-Timber-NO210,218,221
111-Timber-NO211-212-213,20,13
111-Timber-NO215,0,0
111-Timber-NO216,0,0
111-Yrba-Buena-NO201,107,60
111-Yrba-Buena-NO202-204,55,27
111-Yrba-Buena-NO203,1,0
