pct16,YES,NO
111-Avenue-NO101-105,2,7
111-Avenue-NO102-103-104,10,6
111-Bardsdale-NO301,92,160
111-Bardsdale-NO302-303-304,26,39
111-Bardsdale-NO401-402-405-406,0,0
111-Bardsdale-NO403-404,0,0
111-Briggs-NO101-102-103,75,101
111-Briggs-NO301,133,125
111-Briggs-NO302-303,6,13
111-Briggs-304,9,15
111-Calleguas-NO201-212-214,9,7
111-Calleguas-NO202-203,0,0
111-Calleguas-NO204,386,408
111-Calleguas-NO205,14,11
111-Calleguas-NO206-208,5,9
111-Calleguas-NO207,0,2
111-Calleguas-NO209-218,0,0
111-Calleguas-NO210,6,3
111-Calleguas-NO211,0,2
111-Calleguas-NO216,2,0
111-Calleguas-NO301-305,11,8
111-Calleguas-NO302-307-309,3,2
111-Calleguas-NO303-306-315,10,5
111-Calleguas-NO304,2,4
111-Calleguas-NO312-313-314,0,3
111-Calleguas-NO401,0,0
111-Camarillo-NO301,294,322
111-Camarillo-NO302,160,279
111-Camarillo-NO303,325,417
111-Camarillo-NO303,351,463
111-Camarillo-NO305,378,494
111-Camarillo-NO306,421,630
111-Camarillo-NO306,433,612
111-Camarillo-NO308,490,490
111-Camarillo-NO309,402,653
111-Camarillo-NO310,380,633
111-Camarillo-NO310,399,674
111-Camarillo-NO312AL-325,549,842
111-Camarillo-NO313-320-354,79,121
111-Camarillo-NO314,425,719
111-Camarillo-NO315-344,10,17
111-Camarillo-NO316,332,427
111-Camarillo-NO317,473,788
111-Camarillo-NO318,370,507
111-Camarillo-NO318,392,498
111-Camarillo-NO321,734,693
111-Camarillo-NO322,52,65
111-Camarillo-NO323,508,816
111-Camarillo-NO324-330,15,9
111-Camarillo-NO326,324,428
111-Camarillo-NO326,321,414
111-Camarillo-NO327,492,784
111-Camarillo-NO327,461,746
111-Camarillo-NO329,475,644
111-Camarillo-NO329,468,652
111-Camarillo-NO331,493,569
111-Camarillo-NO333,305,496
111-Camarillo-NO333,384,553
111-Camarillo-NO336,0,0
111-Camarillo-NO337,514,730
111-Camarillo-NO337,522,737
111-Camarillo-NO338,20,31
111-Camarillo-NO339-341,38,57
111-Camarillo-NO340-345-346-350,5,3
111-Camarillo-NO343,67,109
111-Camarillo-NO347,373,481
111-Camarillo-NO347,439,534
111-Camarillo-NO348,1,1
111-Camarillo-NO349,6,3
111-Camarillo-NO351,0,1
111-Camarillo-NO352,0,0
111-Camarillo-NO353,0,0
111-Camarillo-NO355,0,0
111-Camarillo-NO356,2,1
111-Camarillo-NO357,0,0
111-Csts-Sprgs-NO101-02-04-37-38,49,64
111-Csts-Sprgs-NO103-124,26,33
111-Csts-Sprgs-NO105-140-148,7,15
111-Csts-Sprgs-NO106-108-109,58,88
111-Csts-Sprgs-NO111,84,93
111-Csts-Sprgs-NO112-113,1,4
111-Csts-Sprgs-NO117-118-119,0,1
111-Csts-Sprgs-NO121-123-125,6,10
111-Csts-Sprgs-NO126-128-29-150,16,27
111-Csts-Sprgs-NO130-133-135-136,13,19
111-Csts-Sprgs-NO149,1,0
111-Central-NO301-303,0,0
111-Central-NO304,0,0
111-Del-Norte-NO201,31,43
111-Del-Norte-NO301,55,107
111-Del-Norte-NO501-509,9,12
111-East-Ojai-NO101,293,390
111-East-Ojai-NO102-107-110,6,15
111-East-Ojai-NO103,8,6
111-East-Ojai-NO104-106-111,11,9
111-East-Ojai-NO105-115,0,0
111-East-Ojai-NO116-117,4,2
111-East-Ojai-NO112-113,90,94
111-El-Rio-NO101-102-103,0,0
111-El-Rio-NO501,633,610
111-El-Rio-NO502,231,203
111-El-Rio-NO503-505,12,13
111-El-Rio-NO506,0,0
111-Fillmore-NO301,380,430
111-Fillmore-NO302,324,380
111-Fillmore-NO303,323,493
111-Fillmore-NO304,502,548
111-Fillmore-NO304,583,622
111-Fillmore-NO305,100,141
111-Fillmore-NO306,0,0
111-Gabbert-NO201,0,0
111-Gabbert-NO202,8,7
111-Gabbert-NO203,4,9
111-GabbertNO204,2,0
111-Gabbert-NO301,0,0
111-Gabbert-NO302,0,0
111-Gabbert-NO401,47,80
111-Gabbert-NO402-411,5,10
111-Gabbert-NO403,131,212
111-Gabbert-NO404,12,21
111-Gabbert-NO405,0,0
111-Gabbert-NO406-412,4,2
111-Gabbert-NO407,0,0
111-Gabbert-NO408-409,21,44
111-Gabbert-NO410,7,10
111-Goodenough-NO301-Sespe-NO301,143,231
111-Goodenough-NO302,2,5
111-Grimes-NO301-302,0,0
111-Heights-NO301,240,414
111-Heights-NO302,355,484
111-Heights-NO304,61,92
111-Heights-NO305,20,35
111-Heights-NO306,83,115
111-Hollywood-NO501,209,284
111-Islands-NO301,0,0
111-Knolls-NO401,397,509
111-Knolls-NO402,4,5
111-LkVw-Bell-NO201,546,567
111-Las-Posas-NO201,17,31
111-Las-Posas-NO301,177,279
111-Las-Posas-NO302,247,488
111-Las-Posas-NO303,175,388
111-Las-Posas-NO304,5,2
111-Las-Posas-NO305,1,1
111-Las-Posas-NO306,2,0
111-Las-Posas-NO307,0,0
111-Lv-Ok-Acrs-NO101,88,108
111-Lv-Ok-Acrs-NO102-104-107,3,7
111-Lv-Ok-Acrs-NO103-106,58,64
111-Lv-Ok-Acrs-NO109-110,45,39
111-Lockwood-NO301,38,96
111-Lockwood-NO302-303,0,0
111-Lockwood-NO304,0,0
111-Lockwood-NO305-306,0,0
111-Lockwood-NO307,0,0
111-Mariano-NO101,0,0
111-Matilija-NO101,15,16
111-Matilija-NO102,157,166
111-Matilija-NO103-107-111-113,7,14
111-Matilija-NO104-125,52,53
111-Matilija-NO105,5,4
111-Matilija-NO106-12-16-18-24,20,29
111-Matilija-NO108-117,4,23
111-Matilija-NO109-114-115,26,37
111-Matilija-NO110,1,0
111-Matilija-NO121-122-123,4,8
111-Mnrs-Oaks-NO101,148,167
111-Mnrs-Oaks-NO102,438,384
111-Mnrs-Oaks-NO103-111-112,38,42
111-Mnrs-Oaks-NO104,78,119
111-Mnrs-Oaks-NO105,89,107
111-Mnrs-Oaks-NO106-108-109,1,1
111-Mnrs-Oaks-NO107-113,7,2
111-Mnrs-Oaks-NO110,0,0
111-Mill-NO101,385,387
111-Mill-NO102-105-106,0,0
111-Mill-NO103,0,3
111-Mill-NO104,0,0
111-Mill-NO107,0,0
111-Mill-NO108,6,1
111-Mission-NO101,48,98
111-Mission-NO102-103-104,11,27
111-Montalvo-NO101-102-103-104,0,5
111-Moorpark-NO401,414,564
111-Moorpark-NO401,450,568
111-Moorpark-NO402,522,591
111-Moorpark-NO403,0,3
111-Moorpark-NO404,597,610
111-Moorpark-NO406,391,564
111-Moorpark-NO406,448,598
111-Moorpark-NO407,535,523
111-Moorpark-NO408,295,470
111-Moorpark-NO408,313,515
111-Moorpark-NO409,579,932
111-Moorpark-NO413,552,807
111-Moorpark-NO413,577,777
111-Moorpark-NO414,450,742
111-Moorpark-NO414,473,754
111-Moorpark-NO415,296,462
111-Moorpark-NO416,0,0
111-Mound-NO101-105,11,21
111-Mugu-NO201,71,66
111-Mupu-NO301-303,68,80
111-Mupu-304-305,2,0
111-Mupu-North-NO301,0,0
111-Nylnd-Acrs-NO501,175,187
111-Nylnd-Acrs-NO502,0,0
111-Nylnd-Acrs-NO504,0,0
111-Oak-Park-NO201,404,439
111-Oak-Park-NO203,392,432
111-Oak-Park-NO203,388,500
111-Oak-Park-NO205-207-209,0,0
111-Oak-Park-NO206,673,777
111-Oak-Park-NO206,691,696
111-Oak-Park-NO210,376,393
111-Oak-Park-NO210,453,490
111-Oak-Park-NO401,0,0
111-Oak-View-NO101,221,220
111-Oak-View-NO102,161,250
111-Oak-View-NO103,136,205
111-Oak-View-NO104,56,44
111-Oak-View-NO105,91,101
111-Oak-View-NO106,130,142
111-Oak-View-NO107,72,97
111-Oak-View-NO108,0,0
111-Oak-View-NO109,49,86
111-Oak-View-NO110-111-113-114,0,5
111-Oak-View-NO112-116,70,87
111-Oak-View-NO115,4,3
111-Oak-View-NO117,94,91
111-Oak-View-NO118-120,31,33
111-Oak-View-NO123,48,56
111-Oaks-NO202,22,51
111-Ocean-View-NO201-203-213,10,20
111-Ocean-View-NO301-302,4,1
111-Ocean-View-NO303-307,24,15
111-Ocean-View-NO501-504-506,13,17
111-Ocean-View-NO502,1,3
111-Ocean-View-NO503,0,3
111-Ocean-View-NO505,1,0
111-Ojai-NO101,44,76
111-Ojai-NO102,342,425
111-Ojai-NO103,113,113
111-Ojai-NO104,333,314
111-Ojai-NO105,408,397
111-Ojai-NO105,374,405
111-Ojai-NO106,51,57
111-Ojai-NO108-113,58,92
111-Ojai-NO110,72,73
111-Ojai-NO111,125,145
111-Ojai-NO112,7,4
111-Oxnard-NO101,350,377
111-Oxnard-NO102,500,580
111-Oxnard-NO103,678,650
111-Oxnard-NO103,814,658
111-Oxnard-NO105,758,615
111-Oxnard-NO106,435,404
111-Oxnard-NO107,12,13
111-Oxnard-NO108-109,80,72
111-Oxnard-NO110,331,335
111-Oxnard-NO301,1,0
111-Oxnard-NO302,0,0
111-Oxnard-NO303,671,676
111-Oxnard-NO304,323,343
111-Oxnard-NO306,323,313
111-Oxnard-NO306,378,348
111-Oxnard-NO307,480,433
111-Oxnard-NO308-309,26,37
111-Oxnard-NO310,0,0
111-Oxnard-NO311,0,0
111-Oxnard-NO313,343,277
111-Oxnard-NO314-317,0,0
111-Oxnard-NO501,403,374
111-Oxnard-NO502-508-558,45,36
111-Oxnard-NO504,461,436
111-Oxnard-NO505,585,544
111-Oxnard-NO506-553,19,16
111-Oxnard-NO507,554,487
111-Oxnard-NO509,456,440
111-Oxnard-NO510,5,8
111-Oxnard-NO511,395,358
111-Oxnard-NO512,431,320
111-Oxnard-NO512,382,320
111-Oxnard-NO513,313,405
111-Oxnard-NO514,387,332
111-Oxnard-NO515,510,452
111-Oxnard-NO516,0,0
111-Oxnard-NO517,0,0
111-Oxnard-NO518,88,79
111-Oxnard-NO519,394,343
111-Oxnard-NO521,362,271
111-Oxnard-NO522,351,270
111-Oxnard-NO522,419,332
111-Oxnard-NO523,58,23
111-Oxnard-NO524,586,550
111-Oxnard-NO525,536,552
111-Oxnard-NO526,332,323
111-Oxnard-NO526,387,373
111-Oxnard-NO527,257,225
111-Oxnard-NO529,442,337
111-Oxnard-NO529,498,428
111-Oxnard-NO530,326,281
111-Oxnard-NO530,403,322
111-Oxnard-NO533,52,41
111-Oxnard-NO534,314,313
111-Oxnard-NO535,627,655
111-Oxnard-NO536,306,338
111-Oxnard-NO537,82,71
111-Oxnard-NO538,446,429
111-Oxnard-NO540,372,437
111-Oxnard-NO540,418,492
111-Oxnard-NO541,543,530
111-Oxnard-NO542,367,343
111-Oxnard-NO544,467,576
111-Oxnard-NO544,557,631
111-Oxnard-NO545,225,199
111-Oxnard-NO546,362,406
111-Oxnard-NO547,521,518
111-Oxnard-NO548,398,334
111-Oxnard-NO548,440,390
111-Oxnard-NO550,398,316
111-Oxnard-NO551,451,366
111-Oxnard-NO552,525,419
111-Oxnard-NO554,1,2
111-Oxnard-NO556,17,16
111-Oxnard-NO557,559,463
111-Oxnard-NO557,636,453
111-Oxnard-NO560,257,188
111-Oxnard-NO562,0,0
111-Oxnard-NO563,0,0
111-Oxnard-NO564,412,332
111-Oxnard-NO564,411,359
111-Oxnard-NO565,296,259
111-Oxnard-NO566-568-573-581,21,16
111-Oxnard-NO570,430,530
111-Oxnard-NO570,464,524
111-Oxnard-NO571,267,508
111-Oxnard-NO572-576,0,0
111-Oxnard-NO574,0,0
111-Oxnard-NO575-580,33,22
111-Oxnard-NO577-578-582,0,0
111-Oxnard-NO583,89,82
111-Ozena-NO101,14,19
111-Pedro-NO101,0,0
111-Pedro-NO501-516,6,5
111-Pedro-NO502-504-514,6,8
111-Pedro-NO503,0,0
111-Pedro-NO508-509,0,0
111-Pedro-NO510-511-513,0,0
111-Pedro-NO520,0,0
111-Piru-NO301,340,275
111-Piru-NO302,0,4
111-Piru-NO303,4,5
111-Piru-North-NO301,0,2
111-Piru-NO401-403,0,0
111-Piru-NO402,0,0
111-Piru-NO405-409,0,0
111-Piru-NO406-407-408,0,0
111-Pt-Hue-NO301,65,41
111-Pt-Hue-NO-302,542,523
111-Pt-Hue-NO-302,563,584
111-Pt-Hue-NO303,1,4
111-Pt-Hue-NO305,548,534
111-Pt-Hue-NO307,398,479
111-Pt-Hue-NO307,384,422
111-Pt-Hue-NO308,356,390
111-Pt-Hue-NO309,484,537
111-Pt-Hue-NO501,1,2
111-Rice-NO301,1,5
111-Rice-NO502,0,1
111-Rincon-NO101-104-105-106-107,10,19
111-Rincon-NO102,88,102
111-Rincon-NO103,0,1
111-Rincon-NO108-109-117,14,10
111-Rincon-NO110-111-112,0,0
111-Rincon-NO113-114-116,55,108
111-Rincon-NO115,3,22
111-Rio-Mesa-NO101,0,0
111-Rio-Mesa-NO501-502-503,9,9
111-Rio-Mesa-NO504,90,98
111-Rio-Mesa-NO505-506,0,2
111-Santa-Ana-NO101,36,85
111-Santa-Ana-NO102-105-112,11,11
111-Santa-Ana-NO103,3,3
111-Santa-Ana-NO104-106-109,16,18
111-Santa-Ana-NO110,1,3
111-Sta-Clara-NO301-302-304,21,49
111-Sta-Clara-NO303,0,0
111-Sta-Paula-NO301,512,731
111-Sta-Paula-NO302,388,504
111-Sta-Paula-NO303,488,552
111-Sta-Paula-NO304,639,608
111-Sta-Paula-NO305,362,270
111-Sta-Paula-NO306,0,0
111-Sta-Paula-NO307,612,773
111-Sta-Paula-NO308,242,309
111-Sta-Paula-NO309,261,349
111-Sta-Paula-NO310,357,323
111-Sta-Paula-NO311,43,25
111-Sta-Paula-NO312,179,168
111-Sta-Paula-NO313-314,59,118
111-Sta-Paula-NO315,4,8
111-Sta-Rosa-NO201,339,583
111-Sta-Rosa-NO201,381,672
111-Sta-Rosa-NO203,2,6
111-Sta-Rosa-NO204,2,0
111-Sta-Rosa-NO401-402,16,44
111-Saticoy-NO101-102-103-105,4,12
111-Saticoy-NO104,101,90
111-Saticoy-NO106,0,0
111-Sespe-No-NO301,0,0
111-Sherwood-NO201,368,607
111-Sherwood-NO203-204-215-216,36,35
111-Sherwood-NO205-206-208-213,5,12
111-Sherwood-NO207,12,21
111-Sherwood-NO209,0,1
111-Sherwood-NO210-214,10,22
111-Sherwood-NO211,0,1
111-Sherwood-NO212,0,0
111-Slvr-Strd-NO501,535,623
111-Simi-NO-402,656,704
111-Simi-NO403,415,602
111-Simi-NO404,490,547
111-Simi-NO405,319,437
111-Simi-NO406,431,582
111-Simi-NO407,599,656
111-Simi-NO409,480,550
111-Simi-NO410,655,745
111-Simi-NO412,358,516
111-Simi-NO413,350,460
111-Simi-NO413,425,549
111-Simi-NO415,380,464
111-Simi-NO416,406,518
111-Simi-NO416,415,578
111-Simi-NO418,521,657
111-Simi-NO421AL-420,612,752
111-Simi-NO422,423,582
111-Simi-NO422,485,587
111-Simi-NO424,336,471
111-Simi-NO424,314,417
111-Simi-NO427,353,420
111-Simi-NO427,354,494
111-Simi-NO428,544,809
111-Simi-NO429,410,567
111-Simi-NO430,692,773
111-Simi-NO432,483,589
111-Simi-NO432,490,558
111-Simi-NO433,301,520
111-Simi-NO433,363,657
111-Simi-NO435,440,520
111-Simi-NO435,485,557
111-Simi-NO437,577,820
111-Simi-NO437,555,888
111-Simi-NO440,493,703
111-Simi-NO441-464-466,0,0
111-Simi-NO442,545,555
111-Simi-NO442,539,533
111-Simi-NO443,644,717
111-Simi-NO444,593,712
111-Simi-NO445,543,513
111-Simi-NO446,600,811
111-Simi-NO447,462,617
111-Simi-NO448,359,529
111-Simi-NO448,355,593
111-Simi-NO449,423,610
111-Simi-NO449,498,673
111-Simi-NO450-453-454,52,73
111-Simi-NO451,285,378
111-Simi-NO452,368,471
111-Simi-NO452,361,474
111-Simi-NO456,526,754
111-Simi-NO460,405,533
111-Simi-NO460,397,507
111-Simi-NO461,3,5
111-Simi-NO462,0,1
111-Simi-NO463,437,460
111-Simi-NO467,142,175
111-Simi-NO468,378,497
111-Sinaloa-NO401,115,202
111-Sinaloa-NO402,0,0
111-Sinaloa-NO403,6,5
111-Sinaloa-NO404,5,12
111-Somis-NO201-204-210,418,721
111-Somis-NO202-211,16,21
111-Somis-NO203-207-209,26,34
111-Somis-NO205-214,22,62
111-Somis-NO206-215,14,36
111-Somis-NO212-213-216,4,7
111-Somis-NO301,1,5
111-Somis-NO302-311,0,0
111-Somis-NO303-305-307,1,7
111-Somis-NO304,0,0
111-Somis-NO308-309-310,0,0
111-Somis-NO401-403,32,55
111-Somis-NO402,0,0
111-Tapo-NO401-403,14,34
111-Tapo-NO402,1,2
111-Tapo-NO404,0,0
111-Tapo-NO405,0,0
111-Tapo-NO406-411-413-414-419,33,49
111-Tapo-NO409,101,89
111-Tapo-NO412,32,63
111-Tapo-NO415,0,0
111-Tapo-NO416,0,0
111-Tapo-NO417,0,0
111-Tapo-NO418,0,0
111-Teag-McKev-NO301-302-303,48,53
111-Teag-McKev-NO305,0,0
111-Thou-Oaks-NO201,723,652
111-Thou-Oaks-NO202,515,537
111-Thou-Oaks-NO203,566,570
111-Thou-Oaks-NO204,161,280
111-Thou-Oaks-NO205,523,716
111-Thou-Oaks-NO206,317,378
111-Thou-Oaks-NO207,354,404
111-Thou-Oaks-NO208,351,453
111-Thou-Oaks-NO208,340,442
111-Thou-Oaks-NO209,364,530
111-Thou-Oaks-NO210,319,472
111-Thou-Oaks-NO211,286,397
111-Thou-Oaks-NO211,302,417
111-Thou-Oaks-NO213,296,446
111-Thou-Oaks-NO213,331,458
111-Thou-Oaks-NO214,504,696
111-Thou-Oaks-NO215,658,932
111-Thou-Oaks-NO216,152,257
111-Thou-Oaks-NO217,220,367
111-Thou-Oaks-NO218,364,413
111-Thou-Oaks-NO219,371,488
111-Thou-Oaks-NO219,343,513
111-Thou-Oaks-NO221,290,427
111-Thou-Oaks-NO222,402,550
111-Thou-Oaks-233,451,643
111-Thou-Oaks-NO225,608,776
111-Thou-Oaks-NO226,489,736
111-Thou-Oaks-NO227,474,694
111-Thou-Oaks-NO228,328,465
111-Thou-Oaks-NO228,383,474
111-Thou-Oaks-NO230,330,475
111-Thou-Oaks-NO232,271,425
111-Thou-Oaks-NO232,322,499
111-Thou-Oaks-NO234,504,626
111-Thou-Oaks-NO235,355,558
111-Thou-Oaks-NO236,373,469
111-Thou-Oaks-NO236,393,561
111-Thou-Oaks-NO237,606,591
111-Thou-Oaks-NO237,669,670
111-Thou-Oaks-NO240,447,629
111-Thou-Oaks-NO242,323,460
111-Thou-Oaks-NO244,352,367
111-Thou-Oaks-NO244,309,424
111-Thou-Oaks-NO245,314,455
111-Thou-Oaks-NO245,334,479
111-Thou-Oaks-NO246,352,539
111-Thou-Oaks-NO246,436,527
111-Thou-Oaks-NO248,606,748
111-Thou-Oaks-NO249A-264,494,551
111-Thou-Oaks-NO249F-264,419,491
111-Thou-Oaks-NO249L-264,529,625
111-Thou-Oaks-NO249S-264,435,590
111-Thou-Oaks-NO250,45,41
111-Thou-Oaks-NO252,350,392
111-Thou-Oaks-NO253,450,503
111-Thou-Oaks-NO254,540,671
111-Thou-Oaks-NO255,340,416
111-Thou-Oaks-NO255,335,448
111-Thou-Oaks-NO257,146,206
111-Thou-Oaks-NO258,190,225
111-Thou-Oaks-NO260,334,491
111-Thou-Oaks-NO260,356,510
111-Thou-Oaks-NO262,435,536
111-Thou-Oaks-NO262,487,602
111-Thou-Oaks-NO263,464,623
111-Thou-Oaks-NO265,343,462
111-Thou-Oaks-NO265,438,499
111-Thou-Oaks-NO266,308,317
111-Thou-Oaks-NO267-269-276-277,9,10
111-Thou-Oaks-NO270,246,367
111-Thou-Oaks-NO271-272,73,55
111-Thou-Oaks-NO273-275,0,0
111-Thou-Oaks-NO279,329,487
111-Thou-Oaks-NO279,330,512
111-Tico-NO101-106,6,20
111-Tico-NO102-118,39,46
111-Tico-103,268,315
111-Tico-NO104-111,267,267
111-Tico-NO105,0,0
111-Tico-NO107,1,2
111-Tico-NO108-112-114-116,19,36
111-Tico-NO109,70,93
111-Tico-NO110-134,371,394
111-Tico-NO113,13,11
111-Tico-NO120-122-124-126,3,8
111-Tico-NO127-143,19,14
111-Tico-NO129,129,133
111-Tico-NO130-137,30,36
111-Tico-NO132-139-141-144,3,21
111-Tico-NO135,88,93
111-Tico-NO140,93,84
111-Tico-NO145,1,0
111-Timber-NO201,274,335
111-Timber-NO203-204-206,5,18
111-Timber-NO205-207-217,1,0
111-Timber-NO208,452,785
111-Timber-NO209,480,598
111-Timber-NO210,161,276
111-Timber-NO211-212-213,16,17
111-Timber-NO215,0,0
111-Timber-NO216,0,0
111-Topa-Topa-NO101-106-107,22,24
111-Topa-Topa-NO102-104-108,0,9
111-Topa-Topa-NO103,150,251
111-Topa-Topa-NO105,51,107
111-Ventura-NO101,562,761
111-Ventura-NO102,42,42
111-Ventura-NO103,388,364
111-Ventura-NO104,0,0
111-Ventura-NO105,513,563
111-Ventura-NO106,628,875
111-Ventura-NO107,37,65
111-Ventura-NO108,352,410
111-Ventura-NO108,379,395
111-Ventura-NO110,330,307
111-Ventura-NO111,406,486
111-Ventura-NO113,598,604
111-Ventura-NO114,0,0
111-Ventura-NO115,617,560
111-Ventura-NO116,580,785
111-Ventura-NO117,407,441
111-Ventura-NO118,505,691
111-Ventura-NO119,292,443
111-Ventura-NO120,484,701
111-Ventura-NO121-148-160,62,94
111-Ventura-NO123,444,555
111-Ventura-NO123,424,629
111-Ventura-NO125,378,580
111-Ventura-NO125,445,602
111-Ventura-NO127,539,782
111-Ventura-NO128,325,388
111-Ventura-NO129,392,708
111-Ventura-NO130,421,464
111-Ventura-NO131,536,611
111-Ventura-NO131,554,559
111-Ventura-NO133,453,412
111-Ventura-NO134,335,424
111-Ventura-NO137,369,517
111-Ventura-NO138,564,677
111-Ventura-NO139,474,672
111-Ventura-NO140,483,539
111-Ventura-NO140,475,604
111-Ventura-NO142,501,494
111-Ventura-NO143,496,771
111-Ventura-NO144,326,372
111-Ventura-NO144,297,388
111-Ventura-NO145,584,643
111-Ventura-NO146,165,287
111-Ventura-NO150,0,0
111-Ventura-NO151,457,433
111-Ventura-NO151,449,363
111-Ventura-NO153,660,607
111-Ventura-NO155,433,610
111-Ventura-NO156,543,475
111-Ventura-NO157,334,238
111-Ventura-NO158,170,270
111-Ventura-NO162,0,0
111-Ventura-NO163-170,3,10
111-Ventura-NO165,381,460
111-Ventura-NO165,451,541
111-Ventura-NO166,66,58
111-Ventura-NO168,365,515
111-Ventura-NO168,345,469
111-Ventura-NO169,0,0
111-Ventura-NO171,74,107
111-Ventura-NO172,247,241
111-Ventura-NO173,47,62
111-Ventura-NO174,416,518
111-Ventura-NO175,137,136
111-Ventura-NO176,164,172
111-Ventura-NO177,66,66
111-Ventura-NO179,0,0
111-Ventura-NO181,0,1
111-Yrba-Buena-NO201,92,81
111-Yrba-Buena-NO202-204,30,52
111-Yrba-Buena-NO203,1,0
