pct16,YES,NO
111-Avenue-NO101-105,5,4
111-Avenue-NO102-103-104,13,2
111-Bardsdale-NO301,143,110
111-Bardsdale-NO302-303-304,35,31
111-Bardsdale-NO401-402-405-406,0,0
111-Bardsdale-NO403-404,0,0
111-Briggs-NO101-102-103,125,53
111-Briggs-NO301,169,90
111-Briggs-NO302-303,7,13
111-Briggs-304,17,9
111-Calleguas-NO201-212-214,14,2
111-Calleguas-NO202-203,0,0
111-Calleguas-NO204,571,242
111-Calleguas-NO205,13,12
111-Calleguas-NO206-208,3,11
111-Calleguas-NO207,2,0
111-Calleguas-NO209-218,0,0
111-Calleguas-NO210,5,4
111-Calleguas-NO211,2,0
111-Calleguas-NO216,1,1
111-Calleguas-NO301-305,12,8
111-Calleguas-NO302-307-309,3,2
111-Calleguas-NO303-306-315,8,7
111-Calleguas-NO304,5,1
111-Calleguas-NO312-313-314,0,3
111-Calleguas-NO401,0,0
111-Camarillo-NO301,369,261
111-Camarillo-NO302,295,158
111-Camarillo-NO303,525,241
111-Camarillo-NO303,546,280
111-Camarillo-NO305,518,360
111-Camarillo-NO306,612,462
111-Camarillo-NO306,639,434
111-Camarillo-NO308,652,348
111-Camarillo-NO309,588,490
111-Camarillo-NO310,593,442
111-Camarillo-NO310,638,459
111-Camarillo-NO312AL-325,853,559
111-Camarillo-NO313-320-354,129,74
111-Camarillo-NO314,604,554
111-Camarillo-NO315-344,12,15
111-Camarillo-NO316,429,346
111-Camarillo-NO317,713,594
111-Camarillo-NO318,556,330
111-Camarillo-NO318,562,366
111-Camarillo-NO321,996,467
111-Camarillo-NO322,64,57
111-Camarillo-NO323,770,588
111-Camarillo-NO324-330,12,14
111-Camarillo-NO326,528,254
111-Camarillo-NO326,453,303
111-Camarillo-NO327,810,494
111-Camarillo-NO327,740,477
111-Camarillo-NO329,688,478
111-Camarillo-NO329,703,455
111-Camarillo-NO331,620,460
111-Camarillo-NO333,447,362
111-Camarillo-NO333,546,436
111-Camarillo-NO336,0,0
111-Camarillo-NO337,767,506
111-Camarillo-NO337,757,525
111-Camarillo-NO338,36,15
111-Camarillo-NO339-341,63,33
111-Camarillo-NO340-345-346-350,6,2
111-Camarillo-NO343,97,74
111-Camarillo-NO347,579,287
111-Camarillo-NO347,659,319
111-Camarillo-NO348,1,1
111-Camarillo-NO349,7,2
111-Camarillo-NO351,1,0
111-Camarillo-NO352,0,0
111-Camarillo-NO353,0,0
111-Camarillo-NO355,0,0
111-Camarillo-NO356,2,1
111-Camarillo-NO357,0,0
111-Csts-Sprgs-NO101-02-04-37-38,60,52
111-Csts-Sprgs-NO103-124,28,30
111-Csts-Sprgs-NO105-140-148,14,9
111-Csts-Sprgs-NO106-108-109,82,64
111-Csts-Sprgs-NO111,94,88
111-Csts-Sprgs-NO112-113,1,4
111-Csts-Sprgs-NO117-118-119,0,1
111-Csts-Sprgs-NO121-123-125,12,4
111-Csts-Sprgs-NO126-128-29-150,22,19
111-Csts-Sprgs-NO130-133-135-136,20,12
111-Csts-Sprgs-NO149,1,0
111-Central-NO301-303,0,0
111-Central-NO304,0,0
111-Del-Norte-NO201,46,30
111-Del-Norte-NO301,80,86
111-Del-Norte-NO501-509,12,8
111-East-Ojai-NO101,509,178
111-East-Ojai-NO102-107-110,16,7
111-East-Ojai-NO103,10,6
111-East-Ojai-NO104-106-111,15,6
111-East-Ojai-NO105-115,0,0
111-East-Ojai-NO116-117,4,1
111-East-Ojai-NO112-113,139,51
111-El-Rio-NO101-102-103,0,0
111-El-Rio-NO501,877,388
111-El-Rio-NO502,284,149
111-El-Rio-NO503-505,15,10
111-El-Rio-NO506,0,0
111-Fillmore-NO301,508,304
111-Fillmore-NO302,446,264
111-Fillmore-NO303,492,345
111-Fillmore-NO304,672,393
111-Fillmore-NO304,787,437
111-Fillmore-NO305,117,139
111-Fillmore-NO306,0,0
111-Gabbert-NO201,0,0
111-Gabbert-NO202,9,6
111-Gabbert-NO203,7,6
111-GabbertNO204,2,0
111-Gabbert-NO301,0,0
111-Gabbert-NO302,0,0
111-Gabbert-NO401,81,52
111-Gabbert-NO402-411,8,7
111-Gabbert-NO403,196,157
111-Gabbert-NO404,14,18
111-Gabbert-NO405,0,0
111-Gabbert-NO406-412,5,1
111-Gabbert-NO407,0,0
111-Gabbert-NO408-409,47,20
111-Gabbert-NO410,10,9
111-Goodenough-NO301-Sespe-NO301,226,159
111-Goodenough-NO302,4,3
111-Grimes-NO301-302,0,0
111-Heights-NO301,378,284
111-Heights-NO302,500,362
111-Heights-NO304,77,81
111-Heights-NO305,21,35
111-Heights-NO306,106,92
111-Hollywood-NO501,295,207
111-Islands-NO301,0,0
111-Knolls-NO401,523,387
111-Knolls-NO402,7,2
111-LkVw-Bell-NO201,781,363
111-Las-Posas-NO201,21,27
111-Las-Posas-NO301,236,222
111-Las-Posas-NO302,405,343
111-Las-Posas-NO303,321,248
111-Las-Posas-NO304,6,1
111-Las-Posas-NO305,0,2
111-Las-Posas-NO306,1,1
111-Las-Posas-NO307,0,0
111-Lv-Ok-Acrs-NO101,116,80
111-Lv-Ok-Acrs-NO102-104-107,5,5
111-Lv-Ok-Acrs-NO103-106,57,67
111-Lv-Ok-Acrs-NO109-110,43,39
111-Lockwood-NO301,52,81
111-Lockwood-NO302-303,0,1
111-Lockwood-NO304,0,0
111-Lockwood-NO305-306,0,0
111-Lockwood-NO307,0,0
111-Mariano-NO101,0,0
111-Matilija-NO101,23,7
111-Matilija-NO102,246,87
111-Matilija-NO103-107-111-113,10,6
111-Matilija-NO104-125,87,26
111-Matilija-NO105,3,6
111-Matilija-NO106-12-16-18-24,33,17
111-Matilija-NO108-117,9,19
111-Matilija-NO109-114-115,40,23
111-Matilija-NO110,1,0
111-Matilija-NO121-122-123,7,6
111-Mnrs-Oaks-NO101,200,124
111-Mnrs-Oaks-NO102,524,309
111-Mnrs-Oaks-NO103-111-112,52,28
111-Mnrs-Oaks-NO104,124,75
111-Mnrs-Oaks-NO105,115,89
111-Mnrs-Oaks-NO106-108-109,1,0
111-Mnrs-Oaks-NO107-113,6,4
111-Mnrs-Oaks-NO110,0,0
111-Mill-NO101,442,345
111-Mill-NO102-105-106,0,0
111-Mill-NO103,0,3
111-Mill-NO104,0,0
111-Mill-NO107,0,0
111-Mill-NO108,5,2
111-Mission-NO101,76,69
111-Mission-NO102-103-104,20,20
111-Montalvo-NO101-102-103-104,1,3
111-Moorpark-NO401,653,347
111-Moorpark-NO401,645,391
111-Moorpark-NO402,720,418
111-Moorpark-NO403,3,0
111-Moorpark-NO404,853,374
111-Moorpark-NO406,594,376
111-Moorpark-NO406,638,410
111-Moorpark-NO407,717,372
111-Moorpark-NO408,475,307
111-Moorpark-NO408,477,367
111-Moorpark-NO409,929,604
111-Moorpark-NO413,855,538
111-Moorpark-NO413,873,510
111-Moorpark-NO414,694,525
111-Moorpark-NO414,750,492
111-Moorpark-NO415,457,313
111-Moorpark-NO416,0,0
111-Mound-NO101-105,15,19
111-Mugu-NO201,103,35
111-Mupu-NO301-303,86,70
111-Mupu-304-305,0,2
111-Mupu-North-NO301,0,0
111-Nylnd-Acrs-NO501,277,92
111-Nylnd-Acrs-NO502,0,1
111-Nylnd-Acrs-NO504,0,0
111-Oak-Park-NO201,591,282
111-Oak-Park-NO203,594,261
111-Oak-Park-NO203,603,296
111-Oak-Park-NO205-207-209,0,0
111-Oak-Park-NO206,1024,475
111-Oak-Park-NO206,1030,398
111-Oak-Park-NO210,572,219
111-Oak-Park-NO210,676,309
111-Oak-Park-NO401,0,0
111-Oak-View-NO101,260,190
111-Oak-View-NO102,264,158
111-Oak-View-NO103,191,154
111-Oak-View-NO104,56,43
111-Oak-View-NO105,100,97
111-Oak-View-NO106,169,104
111-Oak-View-NO107,94,77
111-Oak-View-NO108,0,0
111-Oak-View-NO109,69,71
111-Oak-View-NO110-111-113-114,0,5
111-Oak-View-NO112-116,98,58
111-Oak-View-NO115,2,5
111-Oak-View-NO117,112,78
111-Oak-View-NO118-120,34,30
111-Oak-View-NO123,55,51
111-Oaks-NO202,35,39
111-Ocean-View-NO201-203-213,16,15
111-Ocean-View-NO301-302,4,1
111-Ocean-View-NO303-307,28,12
111-Ocean-View-NO501-504-506,16,13
111-Ocean-View-NO502,5,1
111-Ocean-View-NO503,2,1
111-Ocean-View-NO505,0,1
111-Ojai-NO101,72,54
111-Ojai-NO102,551,220
111-Ojai-NO103,159,74
111-Ojai-NO104,450,215
111-Ojai-NO105,580,247
111-Ojai-NO105,521,274
111-Ojai-NO106,94,19
111-Ojai-NO108-113,93,62
111-Ojai-NO110,105,46
111-Ojai-NO111,159,112
111-Ojai-NO112,9,3
111-Oxnard-NO101,459,280
111-Oxnard-NO102,717,369
111-Oxnard-NO103,935,411
111-Oxnard-NO103,1101,376
111-Oxnard-NO105,973,424
111-Oxnard-NO106,594,256
111-Oxnard-NO107,17,8
111-Oxnard-NO108-109,92,59
111-Oxnard-NO110,449,224
111-Oxnard-NO301,0,1
111-Oxnard-NO302,0,0
111-Oxnard-NO303,899,462
111-Oxnard-NO304,450,237
111-Oxnard-NO306,475,171
111-Oxnard-NO306,520,220
111-Oxnard-NO307,607,315
111-Oxnard-NO308-309,45,20
111-Oxnard-NO310,0,0
111-Oxnard-NO311,0,0
111-Oxnard-NO313,445,181
111-Oxnard-NO314-317,0,0
111-Oxnard-NO501,566,233
111-Oxnard-NO502-508-558,55,26
111-Oxnard-NO504,615,299
111-Oxnard-NO505,778,364
111-Oxnard-NO506-553,19,16
111-Oxnard-NO507,765,281
111-Oxnard-NO509,645,265
111-Oxnard-NO510,9,4
111-Oxnard-NO511,530,233
111-Oxnard-NO512,529,243
111-Oxnard-NO512,479,230
111-Oxnard-NO513,479,252
111-Oxnard-NO514,554,177
111-Oxnard-NO515,665,310
111-Oxnard-NO516,0,0
111-Oxnard-NO517,0,0
111-Oxnard-NO518,122,58
111-Oxnard-NO519,524,216
111-Oxnard-NO521,491,157
111-Oxnard-NO522,463,168
111-Oxnard-NO522,555,202
111-Oxnard-NO523,64,16
111-Oxnard-NO524,814,346
111-Oxnard-NO525,759,333
111-Oxnard-NO526,446,221
111-Oxnard-NO526,534,239
111-Oxnard-NO527,339,149
111-Oxnard-NO529,583,206
111-Oxnard-NO529,677,266
111-Oxnard-NO530,445,157
111-Oxnard-NO530,557,185
111-Oxnard-NO533,69,26
111-Oxnard-NO534,426,210
111-Oxnard-NO535,783,514
111-Oxnard-NO536,457,199
111-Oxnard-NO537,118,38
111-Oxnard-NO538,610,280
111-Oxnard-NO540,532,287
111-Oxnard-NO540,602,336
111-Oxnard-NO541,718,350
111-Oxnard-NO542,454,272
111-Oxnard-NO544,676,383
111-Oxnard-NO544,805,407
111-Oxnard-NO545,324,106
111-Oxnard-NO546,557,231
111-Oxnard-NO547,770,297
111-Oxnard-NO548,568,173
111-Oxnard-NO548,613,210
111-Oxnard-NO550,490,236
111-Oxnard-NO551,537,289
111-Oxnard-NO552,685,264
111-Oxnard-NO554,1,2
111-Oxnard-NO556,24,9
111-Oxnard-NO557,765,263
111-Oxnard-NO557,810,290
111-Oxnard-NO560,324,112
111-Oxnard-NO562,0,0
111-Oxnard-NO563,0,0
111-Oxnard-NO564,566,191
111-Oxnard-NO564,557,210
111-Oxnard-NO565,336,237
111-Oxnard-NO566-568-573-581,22,18
111-Oxnard-NO570,555,426
111-Oxnard-NO570,614,397
111-Oxnard-NO571,401,388
111-Oxnard-NO572-576,0,0
111-Oxnard-NO574,0,0
111-Oxnard-NO575-580,43,16
111-Oxnard-NO577-578-582,0,0
111-Oxnard-NO583,136,40
111-Ozena-NO101,22,13
111-Pedro-NO101,0,0
111-Pedro-NO501-516,7,4
111-Pedro-NO502-504-514,5,9
111-Pedro-NO503,0,0
111-Pedro-NO508-509,0,0
111-Pedro-NO510-511-513,0,0
111-Pedro-NO520,0,0
111-Piru-NO301,451,177
111-Piru-NO302,0,4
111-Piru-NO303,7,2
111-Piru-North-NO301,2,0
111-Piru-NO401-403,0,0
111-Piru-NO402,0,0
111-Piru-NO405-409,0,0
111-Piru-NO406-407-408,0,0
111-Pt-Hue-NO301,77,32
111-Pt-Hue-NO-302,694,386
111-Pt-Hue-NO-302,752,409
111-Pt-Hue-NO303,2,3
111-Pt-Hue-NO305,746,341
111-Pt-Hue-NO307,536,352
111-Pt-Hue-NO307,505,321
111-Pt-Hue-NO308,460,286
111-Pt-Hue-NO309,620,414
111-Pt-Hue-NO501,2,1
111-Rice-NO301,4,2
111-Rice-NO502,0,1
111-Rincon-NO101-104-105-106-107,19,10
111-Rincon-NO102,106,88
111-Rincon-NO103,0,1
111-Rincon-NO108-109-117,20,6
111-Rincon-NO110-111-112,0,0
111-Rincon-NO113-114-116,112,54
111-Rincon-NO115,15,12
111-Rio-Mesa-NO101,0,0
111-Rio-Mesa-NO501-502-503,13,4
111-Rio-Mesa-NO504,104,87
111-Rio-Mesa-NO505-506,2,0
111-Santa-Ana-NO101,81,47
111-Santa-Ana-NO102-105-112,7,15
111-Santa-Ana-NO103,6,0
111-Santa-Ana-NO104-106-109,17,18
111-Santa-Ana-NO110,4,0
111-Sta-Clara-NO301-302-304,46,25
111-Sta-Clara-NO303,0,0
111-Sta-Paula-NO301,732,530
111-Sta-Paula-NO302,529,373
111-Sta-Paula-NO303,674,394
111-Sta-Paula-NO304,823,425
111-Sta-Paula-NO305,455,183
111-Sta-Paula-NO306,0,0
111-Sta-Paula-NO307,902,521
111-Sta-Paula-NO308,352,219
111-Sta-Paula-NO309,355,265
111-Sta-Paula-NO310,486,202
111-Sta-Paula-NO311,41,30
111-Sta-Paula-NO312,214,120
111-Sta-Paula-NO313-314,92,91
111-Sta-Paula-NO315,6,5
111-Sta-Rosa-NO201,534,402
111-Sta-Rosa-NO201,601,468
111-Sta-Rosa-NO203,2,6
111-Sta-Rosa-NO204,0,2
111-Sta-Rosa-NO401-402,16,46
111-Saticoy-NO101-102-103-105,10,5
111-Saticoy-NO104,138,59
111-Saticoy-NO106,0,0
111-Sespe-No-NO301,0,0
111-Sherwood-NO201,618,376
111-Sherwood-NO203-204-215-216,42,29
111-Sherwood-NO205-206-208-213,1,17
111-Sherwood-NO207,16,17
111-Sherwood-NO209,0,1
111-Sherwood-NO210-214,16,18
111-Sherwood-NO211,1,1
111-Sherwood-NO212,0,0
111-Slvr-Strd-NO501,686,502
111-Simi-NO-402,797,595
111-Simi-NO403,602,435
111-Simi-NO404,613,445
111-Simi-NO405,390,384
111-Simi-NO406,550,489
111-Simi-NO407,750,527
111-Simi-NO409,592,459
111-Simi-NO410,833,606
111-Simi-NO412,463,448
111-Simi-NO413,466,361
111-Simi-NO413,546,452
111-Simi-NO415,476,378
111-Simi-NO416,527,407
111-Simi-NO416,560,459
111-Simi-NO418,669,533
111-Simi-NO421AL-420,753,649
111-Simi-NO422,568,465
111-Simi-NO422,661,445
111-Simi-NO424,394,411
111-Simi-NO424,395,350
111-Simi-NO427,441,350
111-Simi-NO427,473,390
111-Simi-NO428,717,670
111-Simi-NO429,537,461
111-Simi-NO430,847,652
111-Simi-NO432,610,487
111-Simi-NO432,594,460
111-Simi-NO433,406,435
111-Simi-NO433,526,515
111-Simi-NO435,535,459
111-Simi-NO435,553,500
111-Simi-NO437,771,643
111-Simi-NO437,801,664
111-Simi-NO440,658,573
111-Simi-NO441-464-466,0,0
111-Simi-NO442,697,452
111-Simi-NO442,675,412
111-Simi-NO443,812,593
111-Simi-NO444,800,529
111-Simi-NO445,691,371
111-Simi-NO446,783,652
111-Simi-NO447,618,494
111-Simi-NO448,493,414
111-Simi-NO448,537,434
111-Simi-NO449,581,496
111-Simi-NO449,662,526
111-Simi-NO450-453-454,86,43
111-Simi-NO451,350,320
111-Simi-NO452,547,314
111-Simi-NO452,525,317
111-Simi-NO456,742,573
111-Simi-NO460,541,409
111-Simi-NO460,526,392
111-Simi-NO461,0,8
111-Simi-NO462,0,1
111-Simi-NO463,516,421
111-Simi-NO467,188,147
111-Simi-NO468,554,333
111-Sinaloa-NO401,151,167
111-Sinaloa-NO402,0,0
111-Sinaloa-NO403,6,5
111-Sinaloa-NO404,8,10
111-Somis-NO201-204-210,661,509
111-Somis-NO202-211,24,16
111-Somis-NO203-207-209,40,20
111-Somis-NO205-214,47,40
111-Somis-NO206-215,33,18
111-Somis-NO212-213-216,2,9
111-Somis-NO301,1,5
111-Somis-NO302-311,0,0
111-Somis-NO303-305-307,2,6
111-Somis-NO304,0,0
111-Somis-NO308-309-310,0,0
111-Somis-NO401-403,41,47
111-Somis-NO402,0,0
111-Tapo-NO401-403,23,26
111-Tapo-NO402,1,2
111-Tapo-NO404,0,0
111-Tapo-NO405,0,0
111-Tapo-NO406-411-413-414-419,41,43
111-Tapo-NO409,106,89
111-Tapo-NO412,58,41
111-Tapo-NO415,0,0
111-Tapo-NO416,0,0
111-Tapo-NO417,0,0
111-Tapo-NO418,0,0
111-Teag-McKev-NO301-302-303,57,50
111-Teag-McKev-NO305,0,0
111-Thou-Oaks-NO201,907,508
111-Thou-Oaks-NO202,638,421
111-Thou-Oaks-NO203,765,396
111-Thou-Oaks-NO204,246,205
111-Thou-Oaks-NO205,776,469
111-Thou-Oaks-NO206,400,311
111-Thou-Oaks-NO207,503,263
111-Thou-Oaks-NO208,458,376
111-Thou-Oaks-NO208,467,347
111-Thou-Oaks-NO209,544,382
111-Thou-Oaks-NO210,442,367
111-Thou-Oaks-NO211,412,283
111-Thou-Oaks-NO211,430,299
111-Thou-Oaks-NO213,482,279
111-Thou-Oaks-NO213,491,315
111-Thou-Oaks-NO214,736,486
111-Thou-Oaks-NO215,1075,537
111-Thou-Oaks-NO216,268,166
111-Thou-Oaks-NO217,324,270
111-Thou-Oaks-NO218,478,307
111-Thou-Oaks-NO219,562,313
111-Thou-Oaks-NO219,518,349
111-Thou-Oaks-NO221,381,352
111-Thou-Oaks-NO222,578,378
111-Thou-Oaks-233,748,377
111-Thou-Oaks-NO225,858,562
111-Thou-Oaks-NO226,712,539
111-Thou-Oaks-NO227,744,437
111-Thou-Oaks-NO228,474,347
111-Thou-Oaks-NO228,497,367
111-Thou-Oaks-NO230,462,352
111-Thou-Oaks-NO232,411,298
111-Thou-Oaks-NO232,467,371
111-Thou-Oaks-NO234,748,422
111-Thou-Oaks-NO235,616,297
111-Thou-Oaks-NO236,519,334
111-Thou-Oaks-NO236,571,386
111-Thou-Oaks-NO237,801,418
111-Thou-Oaks-NO237,925,439
111-Thou-Oaks-NO240,678,417
111-Thou-Oaks-NO242,497,301
111-Thou-Oaks-NO244,496,247
111-Thou-Oaks-NO244,476,280
111-Thou-Oaks-NO245,466,310
111-Thou-Oaks-NO245,490,342
111-Thou-Oaks-NO246,513,403
111-Thou-Oaks-NO246,609,368
111-Thou-Oaks-NO248,841,531
111-Thou-Oaks-NO249A-264,713,347
111-Thou-Oaks-NO249F-264,610,318
111-Thou-Oaks-NO249L-264,802,388
111-Thou-Oaks-NO249S-264,685,352
111-Thou-Oaks-NO250,54,33
111-Thou-Oaks-NO252,472,286
111-Thou-Oaks-NO253,577,390
111-Thou-Oaks-NO254,809,424
111-Thou-Oaks-NO255,492,293
111-Thou-Oaks-NO255,513,284
111-Thou-Oaks-NO257,193,174
111-Thou-Oaks-NO258,306,124
111-Thou-Oaks-NO260,453,377
111-Thou-Oaks-NO260,521,358
111-Thou-Oaks-NO262,683,316
111-Thou-Oaks-NO262,743,365
111-Thou-Oaks-NO263,648,475
111-Thou-Oaks-NO265,525,298
111-Thou-Oaks-NO265,648,316
111-Thou-Oaks-NO266,432,220
111-Thou-Oaks-NO267-269-276-277,13,6
111-Thou-Oaks-NO270,373,253
111-Thou-Oaks-NO271-272,92,37
111-Thou-Oaks-NO273-275,0,0
111-Thou-Oaks-NO279,502,338
111-Thou-Oaks-NO279,459,394
111-Tico-NO101-106,13,14
111-Tico-NO102-118,57,28
111-Tico-103,368,234
111-Tico-NO104-111,323,225
111-Tico-NO105,0,0
111-Tico-NO107,4,0
111-Tico-NO108-112-114-116,28,28
111-Tico-NO109,110,57
111-Tico-NO110-134,463,312
111-Tico-NO113,14,13
111-Tico-NO120-122-124-126,9,2
111-Tico-NO127-143,22,12
111-Tico-NO129,157,109
111-Tico-NO130-137,44,24
111-Tico-NO132-139-141-144,11,13
111-Tico-NO135,112,71
111-Tico-NO140,110,67
111-Tico-NO145,0,1
111-Timber-NO201,394,219
111-Timber-NO203-204-206,16,7
111-Timber-NO205-207-217,1,0
111-Timber-NO208,756,500
111-Timber-NO209,647,462
111-Timber-NO210,236,218
111-Timber-NO211-212-213,15,17
111-Timber-NO215,0,0
111-Timber-NO216,0,0
111-Topa-Topa-NO101-106-107,40,9
111-Topa-Topa-NO102-104-108,4,6
111-Topa-Topa-NO103,239,172
111-Topa-Topa-NO105,86,75
111-Ventura-NO101,867,473
111-Ventura-NO102,60,22
111-Ventura-NO103,523,248
111-Ventura-NO104,0,0
111-Ventura-NO105,712,379
111-Ventura-NO106,953,586
111-Ventura-NO107,67,38
111-Ventura-NO108,486,290
111-Ventura-NO108,487,307
111-Ventura-NO110,423,235
111-Ventura-NO111,585,337
111-Ventura-NO113,778,448
111-Ventura-NO114,0,0
111-Ventura-NO115,787,437
111-Ventura-NO116,880,533
111-Ventura-NO117,550,322
111-Ventura-NO118,775,443
111-Ventura-NO119,494,265
111-Ventura-NO120,782,431
111-Ventura-NO121-148-160,108,67
111-Ventura-NO123,594,427
111-Ventura-NO123,672,414
111-Ventura-NO125,600,384
111-Ventura-NO125,640,449
111-Ventura-NO127,851,487
111-Ventura-NO128,466,261
111-Ventura-NO129,681,452
111-Ventura-NO130,554,354
111-Ventura-NO131,737,436
111-Ventura-NO131,735,399
111-Ventura-NO133,574,307
111-Ventura-NO134,487,283
111-Ventura-NO137,521,376
111-Ventura-NO138,782,499
111-Ventura-NO139,677,484
111-Ventura-NO140,656,384
111-Ventura-NO140,710,389
111-Ventura-NO142,655,360
111-Ventura-NO143,802,504
111-Ventura-NO144,395,321
111-Ventura-NO144,435,268
111-Ventura-NO145,720,545
111-Ventura-NO146,252,216
111-Ventura-NO150,0,0
111-Ventura-NO151,573,321
111-Ventura-NO151,548,288
111-Ventura-NO153,856,426
111-Ventura-NO155,725,351
111-Ventura-NO156,692,351
111-Ventura-NO157,377,198
111-Ventura-NO158,248,207
111-Ventura-NO162,0,0
111-Ventura-NO163-170,10,4
111-Ventura-NO165,527,328
111-Ventura-NO165,620,396
111-Ventura-NO166,89,39
111-Ventura-NO168,496,390
111-Ventura-NO168,480,345
111-Ventura-NO169,0,0
111-Ventura-NO171,103,79
111-Ventura-NO172,317,180
111-Ventura-NO173,69,46
111-Ventura-NO174,637,316
111-Ventura-NO175,181,101
111-Ventura-NO176,249,96
111-Ventura-NO177,108,30
111-Ventura-NO179,0,0
111-Ventura-NO181,0,1
111-Yrba-Buena-NO201,115,56
111-Yrba-Buena-NO202-204,53,29
111-Yrba-Buena-NO203,1,0
