pct16,YES,NO
111-Avenue-NO101-105,3,4
111-Avenue-NO102-103-104,11,5
111-Bardsdale-NO301,120,133
111-Bardsdale-NO302-303-304,25,40
111-Bardsdale-NO401-402-405-406,0,0
111-Bardsdale-NO403-404,0,0
111-Briggs-NO101-102-103,96,81
111-Briggs-NO301,167,95
111-Briggs-NO302-303,5,15
111-Briggs-304,9,14
111-Calleguas-NO201-212-214,13,3
111-Calleguas-NO202-203,0,0
111-Calleguas-NO204,558,255
111-Calleguas-NO205,22,3
111-Calleguas-NO206-208,4,10
111-Calleguas-NO207,0,2
111-Calleguas-NO209-218,0,0
111-Calleguas-NO210,4,5
111-Calleguas-NO211,1,1
111-Calleguas-NO216,1,1
111-Calleguas-NO301-305,12,8
111-Calleguas-NO302-307-309,5,0
111-Calleguas-NO303-306-315,7,8
111-Calleguas-NO304,2,4
111-Calleguas-NO312-313-314,0,3
111-Calleguas-NO401,0,0
111-Camarillo-NO301,348,274
111-Camarillo-NO302,255,187
111-Camarillo-NO303,427,324
111-Camarillo-NO303,496,323
111-Camarillo-NO305,492,378
111-Camarillo-NO306,488,577
111-Camarillo-NO306,549,513
111-Camarillo-NO308,615,375
111-Camarillo-NO309,541,534
111-Camarillo-NO310,517,504
111-Camarillo-NO310,588,511
111-Camarillo-NO312AL-325,735,670
111-Camarillo-NO313-320-354,109,89
111-Camarillo-NO314,565,598
111-Camarillo-NO315-344,10,15
111-Camarillo-NO316,435,342
111-Camarillo-NO317,646,644
111-Camarillo-NO318,505,393
111-Camarillo-NO318,541,369
111-Camarillo-NO321,960,490
111-Camarillo-NO322,73,42
111-Camarillo-NO323,693,650
111-Camarillo-NO324-330,19,5
111-Camarillo-NO326,434,328
111-Camarillo-NO326,409,342
111-Camarillo-NO327,695,594
111-Camarillo-NO327,646,572
111-Camarillo-NO329,770,373
111-Camarillo-NO329,779,373
111-Camarillo-NO331,610,461
111-Camarillo-NO333,423,394
111-Camarillo-NO333,520,438
111-Camarillo-NO336,0,0
111-Camarillo-NO337,716,554
111-Camarillo-NO337,706,563
111-Camarillo-NO338,33,18
111-Camarillo-NO339-341,52,47
111-Camarillo-NO340-345-346-350,3,5
111-Camarillo-NO343,86,91
111-Camarillo-NO347,521,342
111-Camarillo-NO347,612,364
111-Camarillo-NO348,1,1
111-Camarillo-NO349,4,5
111-Camarillo-NO351,0,0
111-Camarillo-NO352,0,0
111-Camarillo-NO353,0,0
111-Camarillo-NO355,0,0
111-Camarillo-NO356,2,1
111-Camarillo-NO357,0,0
111-Csts-Sprgs-NO101-02-04-37-38,64,50
111-Csts-Sprgs-NO103-124,31,28
111-Csts-Sprgs-NO105-140-148,13,10
111-Csts-Sprgs-NO106-108-109,75,73
111-Csts-Sprgs-NO111,86,95
111-Csts-Sprgs-NO112-113,2,3
111-Csts-Sprgs-NO117-118-119,0,0
111-Csts-Sprgs-NO121-123-125,15,1
111-Csts-Sprgs-NO126-128-29-150,27,16
111-Csts-Sprgs-NO130-133-135-136,16,18
111-Csts-Sprgs-NO149,0,1
111-Central-NO301-303,0,0
111-Central-NO304,0,0
111-Del-Norte-NO201,21,52
111-Del-Norte-NO301,72,87
111-Del-Norte-NO501-509,9,12
111-East-Ojai-NO101,527,168
111-East-Ojai-NO102-107-110,15,7
111-East-Ojai-NO103,10,4
111-East-Ojai-NO104-106-111,14,6
111-East-Ojai-NO105-115,0,0
111-East-Ojai-NO116-117,3,3
111-East-Ojai-NO112-113,127,62
111-El-Rio-NO101-102-103,0,0
111-El-Rio-NO501,916,356
111-El-Rio-NO502,297,141
111-El-Rio-NO503-505,13,12
111-El-Rio-NO506,0,0
111-Fillmore-NO301,455,360
111-Fillmore-NO302,436,272
111-Fillmore-NO303,433,394
111-Fillmore-NO304,645,428
111-Fillmore-NO304,745,479
111-Fillmore-NO305,150,99
111-Fillmore-NO306,0,0
111-Gabbert-NO201,0,0
111-Gabbert-NO202,10,5
111-Gabbert-NO203,5,8
111-GabbertNO204,2,0
111-Gabbert-NO301,0,0
111-Gabbert-NO302,0,0
111-Gabbert-NO401,70,59
111-Gabbert-NO402-411,6,9
111-Gabbert-NO403,169,181
111-Gabbert-NO404,14,19
111-Gabbert-NO405,0,0
111-Gabbert-NO406-412,5,1
111-Gabbert-NO407,0,0
111-Gabbert-NO408-409,29,39
111-Gabbert-NO410,8,11
111-Goodenough-NO301-Sespe-NO301,171,203
111-Goodenough-NO302,3,4
111-Grimes-NO301-302,0,0
111-Heights-NO301,335,336
111-Heights-NO302,469,390
111-Heights-NO304,79,82
111-Heights-NO305,27,28
111-Heights-NO306,85,115
111-Hollywood-NO501,296,204
111-Islands-NO301,0,0
111-Knolls-NO401,474,433
111-Knolls-NO402,1,8
111-LkVw-Bell-NO201,766,362
111-Las-Posas-NO201,25,24
111-Las-Posas-NO301,217,242
111-Las-Posas-NO302,359,391
111-Las-Posas-NO303,302,266
111-Las-Posas-NO304,4,2
111-Las-Posas-NO305,1,1
111-Las-Posas-NO306,0,2
111-Las-Posas-NO307,0,0
111-Lv-Ok-Acrs-NO101,87,108
111-Lv-Ok-Acrs-NO102-104-107,3,7
111-Lv-Ok-Acrs-NO103-106,65,59
111-Lv-Ok-Acrs-NO109-110,39,45
111-Lockwood-NO301,23,112
111-Lockwood-NO302-303,1,0
111-Lockwood-NO304,0,0
111-Lockwood-NO305-306,0,0
111-Lockwood-NO307,0,0
111-Mariano-NO101,0,0
111-Matilija-NO101,26,4
111-Matilija-NO102,226,104
111-Matilija-NO103-107-111-113,10,11
111-Matilija-NO104-125,78,29
111-Matilija-NO105,7,3
111-Matilija-NO106-12-16-18-24,29,21
111-Matilija-NO108-117,7,21
111-Matilija-NO109-114-115,46,17
111-Matilija-NO110,1,0
111-Matilija-NO121-122-123,6,5
111-Mnrs-Oaks-NO101,190,125
111-Mnrs-Oaks-NO102,515,319
111-Mnrs-Oaks-NO103-111-112,43,38
111-Mnrs-Oaks-NO104,114,83
111-Mnrs-Oaks-NO105,113,89
111-Mnrs-Oaks-NO106-108-109,2,0
111-Mnrs-Oaks-NO107-113,7,2
111-Mnrs-Oaks-NO110,0,0
111-Mill-NO101,422,354
111-Mill-NO102-105-106,0,0
111-Mill-NO103,3,0
111-Mill-NO104,0,0
111-Mill-NO107,0,0
111-Mill-NO108,4,3
111-Mission-NO101,65,80
111-Mission-NO102-103-104,13,26
111-Montalvo-NO101-102-103-104,0,5
111-Moorpark-NO401,574,431
111-Moorpark-NO401,599,431
111-Moorpark-NO402,648,475
111-Moorpark-NO403,3,0
111-Moorpark-NO404,851,380
111-Moorpark-NO406,539,434
111-Moorpark-NO406,594,463
111-Moorpark-NO407,721,352
111-Moorpark-NO408,411,369
111-Moorpark-NO408,402,441
111-Moorpark-NO409,823,711
111-Moorpark-NO413,801,589
111-Moorpark-NO413,777,594
111-Moorpark-NO414,606,608
111-Moorpark-NO414,656,576
111-Moorpark-NO415,386,377
111-Moorpark-NO416,0,0
111-Mound-NO101-105,22,10
111-Mugu-NO201,57,80
111-Mupu-NO301-303,83,76
111-Mupu-304-305,0,2
111-Mupu-North-NO301,0,0
111-Nylnd-Acrs-NO501,252,107
111-Nylnd-Acrs-NO502,0,0
111-Nylnd-Acrs-NO504,0,0
111-Oak-Park-NO201,592,270
111-Oak-Park-NO203,566,274
111-Oak-Park-NO203,601,294
111-Oak-Park-NO205-207-209,0,0
111-Oak-Park-NO206,1023,462
111-Oak-Park-NO206,1021,401
111-Oak-Park-NO210,581,209
111-Oak-Park-NO210,664,303
111-Oak-Park-NO401,0,0
111-Oak-View-NO101,226,218
111-Oak-View-NO102,242,178
111-Oak-View-NO103,194,146
111-Oak-View-NO104,53,47
111-Oak-View-NO105,109,93
111-Oak-View-NO106,149,124
111-Oak-View-NO107,88,83
111-Oak-View-NO108,0,0
111-Oak-View-NO109,53,87
111-Oak-View-NO110-111-113-114,0,5
111-Oak-View-NO112-116,74,82
111-Oak-View-NO115,3,4
111-Oak-View-NO117,93,98
111-Oak-View-NO118-120,29,34
111-Oak-View-NO123,49,55
111-Oaks-NO202,24,51
111-Ocean-View-NO201-203-213,13,18
111-Ocean-View-NO301-302,4,1
111-Ocean-View-NO303-307,28,12
111-Ocean-View-NO501-504-506,14,15
111-Ocean-View-NO502,5,1
111-Ocean-View-NO503,1,2
111-Ocean-View-NO505,1,0
111-Ojai-NO101,70,52
111-Ojai-NO102,573,214
111-Ojai-NO103,175,55
111-Ojai-NO104,465,196
111-Ojai-NO105,564,259
111-Ojai-NO105,538,258
111-Ojai-NO106,92,20
111-Ojai-NO108-113,90,64
111-Ojai-NO110,111,39
111-Ojai-NO111,128,147
111-Ojai-NO112,9,2
111-Oxnard-NO101,488,248
111-Oxnard-NO102,728,367
111-Oxnard-NO103,896,438
111-Oxnard-NO103,994,495
111-Oxnard-NO105,1038,350
111-Oxnard-NO106,591,256
111-Oxnard-NO107,20,5
111-Oxnard-NO108-109,91,60
111-Oxnard-NO110,470,210
111-Oxnard-NO301,0,1
111-Oxnard-NO302,0,0
111-Oxnard-NO303,936,426
111-Oxnard-NO304,450,224
111-Oxnard-NO306,470,174
111-Oxnard-NO306,529,213
111-Oxnard-NO307,660,267
111-Oxnard-NO308-309,47,18
111-Oxnard-NO310,0,0
111-Oxnard-NO311,0,0
111-Oxnard-NO313,466,161
111-Oxnard-NO314-317,0,0
111-Oxnard-NO501,589,211
111-Oxnard-NO502-508-558,57,23
111-Oxnard-NO504,609,298
111-Oxnard-NO505,846,306
111-Oxnard-NO506-553,23,10
111-Oxnard-NO507,783,268
111-Oxnard-NO509,678,238
111-Oxnard-NO510,9,3
111-Oxnard-NO511,570,192
111-Oxnard-NO512,545,216
111-Oxnard-NO512,540,170
111-Oxnard-NO513,437,285
111-Oxnard-NO514,548,183
111-Oxnard-NO515,726,243
111-Oxnard-NO516,0,0
111-Oxnard-NO517,0,0
111-Oxnard-NO518,140,35
111-Oxnard-NO519,565,175
111-Oxnard-NO521,500,141
111-Oxnard-NO522,475,147
111-Oxnard-NO522,568,196
111-Oxnard-NO523,70,13
111-Oxnard-NO524,802,355
111-Oxnard-NO525,790,316
111-Oxnard-NO526,445,227
111-Oxnard-NO526,519,252
111-Oxnard-NO527,335,153
111-Oxnard-NO529,592,202
111-Oxnard-NO529,703,241
111-Oxnard-NO530,464,147
111-Oxnard-NO530,581,153
111-Oxnard-NO533,74,19
111-Oxnard-NO534,449,184
111-Oxnard-NO535,811,483
111-Oxnard-NO536,455,196
111-Oxnard-NO537,122,32
111-Oxnard-NO538,626,257
111-Oxnard-NO540,525,297
111-Oxnard-NO540,581,343
111-Oxnard-NO541,769,318
111-Oxnard-NO542,502,213
111-Oxnard-NO544,701,350
111-Oxnard-NO544,805,397
111-Oxnard-NO545,332,96
111-Oxnard-NO546,505,285
111-Oxnard-NO547,840,209
111-Oxnard-NO548,543,196
111-Oxnard-NO548,594,241
111-Oxnard-NO550,558,167
111-Oxnard-NO551,611,210
111-Oxnard-NO552,714,239
111-Oxnard-NO554,2,1
111-Oxnard-NO556,23,10
111-Oxnard-NO557,703,328
111-Oxnard-NO557,776,324
111-Oxnard-NO560,341,109
111-Oxnard-NO562,0,0
111-Oxnard-NO563,0,0
111-Oxnard-NO564,572,179
111-Oxnard-NO564,575,195
111-Oxnard-NO565,397,176
111-Oxnard-NO566-568-573-581,19,20
111-Oxnard-NO570,584,391
111-Oxnard-NO570,626,382
111-Oxnard-NO571,362,426
111-Oxnard-NO572-576,0,0
111-Oxnard-NO574,0,0
111-Oxnard-NO575-580,42,15
111-Oxnard-NO577-578-582,0,0
111-Oxnard-NO583,146,30
111-Ozena-NO101,10,25
111-Pedro-NO101,0,0
111-Pedro-NO501-516,6,5
111-Pedro-NO502-504-514,9,5
111-Pedro-NO503,0,0
111-Pedro-NO508-509,0,0
111-Pedro-NO510-511-513,0,0
111-Pedro-NO520,0,0
111-Piru-NO301,423,206
111-Piru-NO302,0,4
111-Piru-NO303,4,4
111-Piru-North-NO301,1,1
111-Piru-NO401-403,0,0
111-Piru-NO402,0,0
111-Piru-NO405-409,0,0
111-Piru-NO406-407-408,0,0
111-Pt-Hue-NO301,61,49
111-Pt-Hue-NO-302,722,340
111-Pt-Hue-NO-302,751,402
111-Pt-Hue-NO303,2,3
111-Pt-Hue-NO305,704,384
111-Pt-Hue-NO307,588,303
111-Pt-Hue-NO307,555,267
111-Pt-Hue-NO308,489,262
111-Pt-Hue-NO309,603,423
111-Pt-Hue-NO501,0,3
111-Rice-NO301,3,3
111-Rice-NO502,0,1
111-Rincon-NO101-104-105-106-107,12,17
111-Rincon-NO102,108,85
111-Rincon-NO103,0,1
111-Rincon-NO108-109-117,20,5
111-Rincon-NO110-111-112,0,0
111-Rincon-NO113-114-116,109,58
111-Rincon-NO115,13,13
111-Rio-Mesa-NO101,0,0
111-Rio-Mesa-NO501-502-503,6,10
111-Rio-Mesa-NO504,110,77
111-Rio-Mesa-NO505-506,2,0
111-Santa-Ana-NO101,67,61
111-Santa-Ana-NO102-105-112,11,9
111-Santa-Ana-NO103,4,2
111-Santa-Ana-NO104-106-109,19,16
111-Santa-Ana-NO110,4,0
111-Sta-Clara-NO301-302-304,38,31
111-Sta-Clara-NO303,0,0
111-Sta-Paula-NO301,706,557
111-Sta-Paula-NO302,538,366
111-Sta-Paula-NO303,660,394
111-Sta-Paula-NO304,815,447
111-Sta-Paula-NO305,475,164
111-Sta-Paula-NO306,0,0
111-Sta-Paula-NO307,855,562
111-Sta-Paula-NO308,372,191
111-Sta-Paula-NO309,353,273
111-Sta-Paula-NO310,488,198
111-Sta-Paula-NO311,57,12
111-Sta-Paula-NO312,243,108
111-Sta-Paula-NO313-314,85,95
111-Sta-Paula-NO315,9,3
111-Sta-Rosa-NO201,466,467
111-Sta-Rosa-NO201,508,559
111-Sta-Rosa-NO203,2,6
111-Sta-Rosa-NO204,0,2
111-Sta-Rosa-NO401-402,17,44
111-Saticoy-NO101-102-103-105,10,7
111-Saticoy-NO104,126,69
111-Saticoy-NO106,0,0
111-Sespe-No-NO301,0,0
111-Sherwood-NO201,582,403
111-Sherwood-NO203-204-215-216,44,26
111-Sherwood-NO205-206-208-213,6,13
111-Sherwood-NO207,19,14
111-Sherwood-NO209,1,0
111-Sherwood-NO210-214,14,17
111-Sherwood-NO211,1,1
111-Sherwood-NO212,0,0
111-Slvr-Strd-NO501,654,518
111-Simi-NO-402,765,612
111-Simi-NO403,587,441
111-Simi-NO404,611,441
111-Simi-NO405,368,407
111-Simi-NO406,498,536
111-Simi-NO407,694,579
111-Simi-NO409,527,509
111-Simi-NO410,780,637
111-Simi-NO412,437,453
111-Simi-NO413,399,402
111-Simi-NO413,479,511
111-Simi-NO415,440,412
111-Simi-NO416,454,481
111-Simi-NO416,518,493
111-Simi-NO418,582,602
111-Simi-NO421AL-420,689,705
111-Simi-NO422,538,489
111-Simi-NO422,608,483
111-Simi-NO424,387,418
111-Simi-NO424,344,398
111-Simi-NO427,406,383
111-Simi-NO427,405,457
111-Simi-NO428,626,750
111-Simi-NO429,472,530
111-Simi-NO430,783,706
111-Simi-NO432,612,480
111-Simi-NO432,600,453
111-Simi-NO433,321,518
111-Simi-NO433,397,625
111-Simi-NO435,502,481
111-Simi-NO435,542,517
111-Simi-NO437,703,713
111-Simi-NO437,753,719
111-Simi-NO440,584,637
111-Simi-NO441-464-466,0,0
111-Simi-NO442,714,407
111-Simi-NO442,647,442
111-Simi-NO443,834,554
111-Simi-NO444,788,534
111-Simi-NO445,673,393
111-Simi-NO446,741,695
111-Simi-NO447,558,551
111-Simi-NO448,428,471
111-Simi-NO448,458,511
111-Simi-NO449,491,566
111-Simi-NO449,571,620
111-Simi-NO450-453-454,70,59
111-Simi-NO451,328,352
111-Simi-NO452,487,360
111-Simi-NO452,489,359
111-Simi-NO456,691,613
111-Simi-NO460,511,448
111-Simi-NO460,482,431
111-Simi-NO461,1,7
111-Simi-NO462,0,1
111-Simi-NO463,483,435
111-Simi-NO467,190,136
111-Simi-NO468,480,413
111-Sinaloa-NO401,126,190
111-Sinaloa-NO402,0,0
111-Sinaloa-NO403,4,7
111-Sinaloa-NO404,6,11
111-Somis-NO201-204-210,520,640
111-Somis-NO202-211,18,21
111-Somis-NO203-207-209,42,19
111-Somis-NO205-214,40,47
111-Somis-NO206-215,18,33
111-Somis-NO212-213-216,2,9
111-Somis-NO301,0,6
111-Somis-NO302-311,0,0
111-Somis-NO303-305-307,2,6
111-Somis-NO304,0,0
111-Somis-NO308-309-310,0,0
111-Somis-NO401-403,35,52
111-Somis-NO402,0,0
111-Tapo-NO401-403,18,31
111-Tapo-NO402,0,3
111-Tapo-NO404,0,0
111-Tapo-NO405,0,0
111-Tapo-NO406-411-413-414-419,34,50
111-Tapo-NO409,93,102
111-Tapo-NO412,31,65
111-Tapo-NO415,0,0
111-Tapo-NO416,0,0
111-Tapo-NO417,0,0
111-Tapo-NO418,0,0
111-Teag-McKev-NO301-302-303,45,60
111-Teag-McKev-NO305,0,0
111-Thou-Oaks-NO201,943,458
111-Thou-Oaks-NO202,672,391
111-Thou-Oaks-NO203,809,340
111-Thou-Oaks-NO204,233,212
111-Thou-Oaks-NO205,736,511
111-Thou-Oaks-NO206,370,326
111-Thou-Oaks-NO207,497,275
111-Thou-Oaks-NO208,399,424
111-Thou-Oaks-NO208,405,390
111-Thou-Oaks-NO209,480,441
111-Thou-Oaks-NO210,424,378
111-Thou-Oaks-NO211,420,274
111-Thou-Oaks-NO211,423,298
111-Thou-Oaks-NO213,417,332
111-Thou-Oaks-NO213,440,361
111-Thou-Oaks-NO214,664,567
111-Thou-Oaks-NO215,952,663
111-Thou-Oaks-NO216,307,111
111-Thou-Oaks-NO217,309,279
111-Thou-Oaks-NO218,439,352
111-Thou-Oaks-NO219,492,373
111-Thou-Oaks-NO219,487,381
111-Thou-Oaks-NO221,384,344
111-Thou-Oaks-NO222,512,445
111-Thou-Oaks-233,732,395
111-Thou-Oaks-NO225,823,604
111-Thou-Oaks-NO226,674,570
111-Thou-Oaks-NO227,716,465
111-Thou-Oaks-NO228,458,352
111-Thou-Oaks-NO228,509,354
111-Thou-Oaks-NO230,424,389
111-Thou-Oaks-NO232,363,343
111-Thou-Oaks-NO232,443,389
111-Thou-Oaks-NO234,746,415
111-Thou-Oaks-NO235,608,316
111-Thou-Oaks-NO236,505,345
111-Thou-Oaks-NO236,588,367
111-Thou-Oaks-NO237,791,425
111-Thou-Oaks-NO237,902,458
111-Thou-Oaks-NO240,676,400
111-Thou-Oaks-NO242,529,272
111-Thou-Oaks-NO244,522,209
111-Thou-Oaks-NO244,479,273
111-Thou-Oaks-NO245,407,365
111-Thou-Oaks-NO245,415,411
111-Thou-Oaks-NO246,494,411
111-Thou-Oaks-NO246,599,381
111-Thou-Oaks-NO248,756,618
111-Thou-Oaks-NO249A-264,702,368
111-Thou-Oaks-NO249F-264,607,318
111-Thou-Oaks-NO249L-264,806,372
111-Thou-Oaks-NO249S-264,662,383
111-Thou-Oaks-NO250,57,33
111-Thou-Oaks-NO252,458,297
111-Thou-Oaks-NO253,581,380
111-Thou-Oaks-NO254,816,412
111-Thou-Oaks-NO255,481,288
111-Thou-Oaks-NO255,492,297
111-Thou-Oaks-NO257,225,138
111-Thou-Oaks-NO258,276,151
111-Thou-Oaks-NO260,437,394
111-Thou-Oaks-NO260,457,420
111-Thou-Oaks-NO262,612,377
111-Thou-Oaks-NO262,702,407
111-Thou-Oaks-NO263,599,514
111-Thou-Oaks-NO265,526,289
111-Thou-Oaks-NO265,643,308
111-Thou-Oaks-NO266,439,203
111-Thou-Oaks-NO267-269-276-277,10,9
111-Thou-Oaks-NO270,342,277
111-Thou-Oaks-NO271-272,84,42
111-Thou-Oaks-NO273-275,0,0
111-Thou-Oaks-NO279,470,366
111-Thou-Oaks-NO279,461,387
111-Tico-NO101-106,12,14
111-Tico-NO102-118,52,35
111-Tico-103,337,263
111-Tico-NO104-111,333,220
111-Tico-NO105,0,0
111-Tico-NO107,4,0
111-Tico-NO108-112-114-116,26,29
111-Tico-NO109,98,65
111-Tico-NO110-134,432,331
111-Tico-NO113,14,13
111-Tico-NO120-122-124-126,9,2
111-Tico-NO127-143,24,11
111-Tico-NO129,164,100
111-Tico-NO130-137,41,29
111-Tico-NO132-139-141-144,11,14
111-Tico-NO135,98,86
111-Tico-NO140,118,59
111-Tico-NO145,0,1
111-Timber-NO201,324,290
111-Timber-NO203-204-206,12,11
111-Timber-NO205-207-217,0,1
111-Timber-NO208,700,552
111-Timber-NO209,574,524
111-Timber-NO210,218,235
111-Timber-NO211-212-213,19,13
111-Timber-NO215,0,0
111-Timber-NO216,0,0
111-Topa-Topa-NO101-106-107,28,19
111-Topa-Topa-NO102-104-108,4,6
111-Topa-Topa-NO103,216,192
111-Topa-Topa-NO105,71,87
111-Ventura-NO101,850,483
111-Ventura-NO102,57,26
111-Ventura-NO103,519,240
111-Ventura-NO104,0,0
111-Ventura-NO105,669,410
111-Ventura-NO106,877,651
111-Ventura-NO107,59,41
111-Ventura-NO108,445,331
111-Ventura-NO108,503,286
111-Ventura-NO110,456,195
111-Ventura-NO111,608,314
111-Ventura-NO113,781,446
111-Ventura-NO114,0,0
111-Ventura-NO115,798,403
111-Ventura-NO116,842,553
111-Ventura-NO117,540,318
111-Ventura-NO118,646,563
111-Ventura-NO119,438,300
111-Ventura-NO120,737,461
111-Ventura-NO121-148-160,132,31
111-Ventura-NO123,566,443
111-Ventura-NO123,632,432
111-Ventura-NO125,476,487
111-Ventura-NO125,551,517
111-Ventura-NO127,799,533
111-Ventura-NO128,431,294
111-Ventura-NO129,627,492
111-Ventura-NO130,522,385
111-Ventura-NO131,735,425
111-Ventura-NO131,731,393
111-Ventura-NO133,606,296
111-Ventura-NO134,483,285
111-Ventura-NO137,500,408
111-Ventura-NO138,721,541
111-Ventura-NO139,607,545
111-Ventura-NO140,594,442
111-Ventura-NO140,631,449
111-Ventura-NO142,624,397
111-Ventura-NO143,764,530
111-Ventura-NO144,394,312
111-Ventura-NO144,395,298
111-Ventura-NO145,661,588
111-Ventura-NO146,277,182
111-Ventura-NO150,0,0
111-Ventura-NO151,583,322
111-Ventura-NO151,562,259
111-Ventura-NO153,899,390
111-Ventura-NO155,711,352
111-Ventura-NO156,736,294
111-Ventura-NO157,407,165
111-Ventura-NO158,276,170
111-Ventura-NO162,0,0
111-Ventura-NO163-170,4,9
111-Ventura-NO165,459,384
111-Ventura-NO165,615,396
111-Ventura-NO166,84,41
111-Ventura-NO168,466,420
111-Ventura-NO168,435,374
111-Ventura-NO169,0,0
111-Ventura-NO171,96,88
111-Ventura-NO172,293,202
111-Ventura-NO173,70,41
111-Ventura-NO174,661,295
111-Ventura-NO175,196,75
111-Ventura-NO176,239,104
111-Ventura-NO177,94,38
111-Ventura-NO179,0,0
111-Ventura-NO181,1,0
111-Yrba-Buena-NO201,123,51
111-Yrba-Buena-NO202-204,59,24
111-Yrba-Buena-NO203,1,0
